filename,center_x_mm,center_y_mm,semi_axes_a_mm,semi_axes_b_mm,angle_rad
000_HC.png,74.25939897879023,88.17088192135294,8.894883332070954,4.3456338932119545,0.019419104878585284
001_HC.png,30.302094563592966,23.178593908501036,8.486733451376633,6.677731378050813,0.0904464100993256
002_HC.png,63.214282516367746,47.07170345425897,45.72942315202052,32.49701035106516,2.9624379454765823
003_HC.png,35.47542130543893,28.142245538885362,27.619302635278178,17.023739718347706,0.181878589276144
004_HC.png,78.05804240777896,57.46318030504791,58.33633379514944,36.73724552135625,3.0945951840428925
005_HC.png,44.81740659864961,31.644710378710304,35.55045961620914,21.91474739985303,2.990218177755526
006_HC.png,54.68188406665226,38.32838744359637,41.2086696230033,29.26692002076212,0.02402584093220435
007_HC.png,54.138437928702736,40.042474250075095,37.04309833171988,26.89654896171883,2.894582465114126
008_HC.png,56.48623935567114,52.06363279011023,29.113604597218103,24.43151485894293,0.20648832827734823
009_HC.png,138.72753435778824,105.02554330410234,56.679499565450406,52.454133510924436,1.4905550168347002
010_HC.png,46.93464935149795,31.215637321720738,30.781628424855377,21.892705810799402,3.0219522721468555
011_HC.png,53.534169972315205,39.86357241032786,37.299514478638116,26.21491823593761,2.908251405725067
012_HC.png,128.98853543913458,93.72101715119963,56.6475304617333,50.28041514820512,1.627041918671531
013_HC.png,49.186488004282836,34.213620889355674,35.222206415689556,23.30831335958213,2.943461990603386
014_HC.png,50.581463419645665,50.007068841170266,16.72621834547367,10.657238637413124,3.067924957306294
015_HC.png,75.99984995164571,67.26264387798683,42.42279749039664,27.63284513020123,1.3728560798264302
016_HC.png,43.94299220408077,15.669585641427448,14.593705405199467,10.887376624925071,3.0617256509208075
017_HC.png,45.592928225780454,32.9228015254225,35.40999930474902,25.30089238825337,3.1058346559494083
018_HC.png,54.99299659126216,39.50220470164549,41.55620437805917,29.037405055386408,3.0439554422311446
019_HC.png,39.5588131184567,26.115361368910353,29.04650571329217,21.207449250899625,2.839990059612483
020_HC.png,22.14577171795222,15.302273341388172,17.24789515213161,10.148910282622843,2.9671900901257198
021_HC.png,28.765298603538756,15.991426394869682,16.15221721679563,12.61869005822731,3.1363460930842826
022_HC.png,49.382885751410846,34.60387269858324,40.308699695925455,25.097413536573555,2.9962177470592564
023_HC.png,41.718259713574746,29.62228078443653,35.72581363729601,21.67527404028317,3.0619208606287103
024_HC.png,52.75527323672879,35.73487192585283,31.40161789437622,21.55831308848064,0.05173483365198829
025_HC.png,46.14574195548683,27.367567086873933,25.77518984817298,18.183562759997454,3.12981961735888
026_HC.png,38.78186034826023,28.862929778942213,27.783528874614714,16.25547636956797,2.96622895528831
027_HC.png,67.47594237237998,33.39603429207676,34.3319132970855,23.27901008394059,2.8017360142404213
028_HC.png,49.41817136320258,30.54253827051848,34.0508661606914,23.514516869385027,0.0371854519846674
029_HC.png,42.81457394116414,31.238891452093416,33.386001669722155,23.771906749358443,3.0712152928330867
030_HC.png,36.13674175443562,29.553746897306716,35.031565229727036,16.81679563003198,3.088097337299208
031_HC.png,42.398244442596926,29.649704876998108,31.77052167873143,22.669909681087198,2.947769121034371
032_HC.png,41.99490090608334,28.966819572032122,32.18827921072915,21.115122044707732,3.053705541298034
033_HC.png,53.30976861597659,34.96499740280105,41.985173580621414,26.397257158510232,0.022757643621108617
034_HC.png,48.78172886487977,36.8226578357907,30.819441239688768,16.173299928804454,2.9936860129689724
035_HC.png,51.3299468088097,28.419700968435304,29.03951425970661,19.513163831235225,0.07547651529588119
036_HC.png,99.99823258777603,77.29080291305526,53.91619521459393,49.6825277375924,2.878236781291547
037_HC.png,30.246179923119033,24.11663681952271,10.43001070761772,9.66203948531351,1.232665415831896
038_HC.png,43.794045982814204,28.68292468744783,31.13665939364061,21.80672991207681,3.101041365461429
039_HC.png,84.67124713741549,44.67576087802483,31.5435440872648,19.468635038000514,1.1418979616631615
040_HC.png,48.73036576701447,36.727494310193876,34.796211080495894,22.38069382615873,2.9449020949628464
041_HC.png,42.202374396906805,30.753021637617845,38.96936880387197,22.254265630215837,3.123066906098875
042_HC.png,71.11605918170454,46.24352979509238,40.43586371953873,27.90431869319093,0.11271749418927673
043_HC.png,63.867871415737596,46.201117067922375,47.89846295713635,33.17738796962376,3.0236493715515085
044_HC.png,37.06683880352093,23.340239862534172,27.02039638591631,19.01833509189342,3.1045387617629756
045_HC.png,24.328741643834423,22.645944770879215,8.919195991701047,7.65794603273276,0.7789069745564892
046_HC.png,43.36489974131978,31.35514572803334,33.206509923675256,21.396227673775073,2.7790621270355955
047_HC.png,57.25397283769411,36.295944657964185,27.966251573602126,26.577945992513285,2.8075518254289364
048_HC.png,67.47102827629593,51.394669757489254,26.030864877902772,21.922556777039777,1.0077268406805333
049_HC.png,37.4234989211594,33.64741161997939,25.245765531040632,20.57859857061114,0.5421333115208143
050_HC.png,80.00031109055182,69.07993481150399,48.774952290395355,41.594214916544026,2.00755417964616
051_HC.png,47.64813983823182,35.277820242130645,31.978724531094144,23.180813315605977,2.876249796802239
052_HC.png,58.82976411372964,41.21761405668307,44.202519414006794,30.105683661656265,3.0309722656008993
053_HC.png,45.84661852320909,26.59344401170989,27.915763199167866,20.82366869451191,0.10955552302702565
054_HC.png,37.177887365710035,25.562132844181317,28.623154800691193,18.408592189983455,3.020621490550143
055_HC.png,40.71919824889558,27.818917937742146,23.27346913648318,20.235114628388004,0.9101579394038454
056_HC.png,45.709206546367945,27.1994050750802,27.852640629738843,22.23313187685998,0.15575724004021083
057_HC.png,47.15375991173106,34.97624886563506,35.835961026410935,23.140740004914317,3.045615923170809
058_HC.png,65.33822356918287,40.39747549571325,30.432255382805863,24.700129242460285,1.0759628867627615
059_HC.png,47.65111558351908,37.358014360236545,37.03584656334819,30.81760330830375,2.4032635321935416
060_HC.png,55.92882939351125,38.24733468791414,43.18170457499839,29.651487108411953,0.1020185108259924
061_HC.png,86.63513244612959,63.8008281365779,58.51754168343779,35.68594182691542,2.7281229127592685
062_HC.png,43.7607755140763,29.665315128982215,34.269206076612825,21.42108294421071,3.1177428476056432
063_HC.png,53.84698295224749,29.659066844435976,24.067099351752937,17.413183507781493,0.2988864359815384
064_HC.png,70.91915308519279,50.56463840592279,51.3404052967468,35.57966982779077,3.0211073842910277
065_HC.png,80.48601148981439,62.35423616940374,46.02313795952697,40.85294659411327,2.967319652912752
066_HC.png,39.76099294260312,23.486201259589475,14.588852750825085,5.300604234958126,0.1110695301067357
067_HC.png,58.05750570424151,33.182180466913366,29.025943320540012,23.048387220167992,1.0916544982216174
068_HC.png,90.92326662793702,68.35120075765528,42.77463792391957,33.371176422598325,1.5082075138041813
069_HC.png,45.69855203014205,31.98361406342827,33.63490180292305,22.382321689742444,2.9178988399319334
070_HC.png,47.78102758903969,33.279551049793135,34.89024766509367,23.405507958268732,2.894503901861969
071_HC.png,29.301285650895437,22.73619184354904,21.6724792615884,17.737187767832552,2.8044536369747926
072_HC.png,41.47699285865924,32.412471722491254,30.802982989865864,22.865437782886524,2.820672554329484
073_HC.png,40.30700113235529,29.13274362654728,31.43025451559192,16.543144764388995,0.0240543367558682
074_HC.png,41.04368477362175,31.799007864218584,27.243486965975002,21.27794917980347,1.5248450800822333
075_HC.png,53.594256233705885,37.68597791732465,38.98147862817753,24.50080808557545,2.978713188688329
076_HC.png,58.13330726564066,38.05721675320515,34.506940122891386,26.15810316343567,0.06810328750188781
077_HC.png,51.3026807098545,28.58818101962625,21.150209331418502,20.158545550985437,0.6050888417936334
078_HC.png,24.168011922130002,19.709738671626475,17.1342153875169,14.498879794102171,0.7725910217152573
079_HC.png,88.13220702063263,44.34086805274342,44.82714275467564,22.405929908260003,3.110709572324798
080_HC.png,49.343529327761225,35.71951119236561,36.225115063368975,20.700071572438144,2.9543252910059286
081_HC.png,57.96076370019148,39.066884246918384,46.49540387749613,31.513404422387868,2.948042760836377
082_HC.png,42.92284520480333,28.046874786881165,29.20665196283639,19.224339413078845,3.082834531511048
083_HC.png,45.36395638763191,25.98606325472468,28.729932422729913,22.92078918237086,0.42956948172643517
084_HC.png,36.94010745640122,28.379857767245618,27.38157667724934,25.88602395241435,2.3564218575704103
085_HC.png,56.067920917576174,24.9639476336323,23.377607002135626,15.889502399667613,2.821612783352337
086_HC.png,49.641235272186684,38.15916556226227,37.69349317270536,20.113525619787485,2.9522590774741904
087_HC.png,86.04708379034071,46.792292473750805,32.95422445292926,29.690354682421415,0.3146500859478809
088_HC.png,135.6294969385209,88.93184198840953,45.740308106517475,39.22363195152113,0.8939944157998274
089_HC.png,54.58593390747403,35.5539224353065,35.6958180229431,25.050391256126865,2.9310039893401045
090_HC.png,40.13916785022208,28.683786584373255,30.104629842982785,20.800893778476198,3.071096649006524
091_HC.png,38.87446462649301,27.226511635489825,31.92822305685794,20.206760877382678,3.0562868101845933
092_HC.png,108.97984408198387,84.02047135710247,54.0758110732726,35.33981406454202,1.5704200221328684
093_HC.png,41.19128798037954,27.81362033965361,30.3413220069615,20.591175062692606,3.1255364553777056
094_HC.png,47.181399705792835,32.31751512736097,34.85311054135169,23.45112164173684,3.0112494271999903
095_HC.png,53.044150832547466,28.59663974380904,30.14467937648489,22.90568241553963,1.1478197666630616
096_HC.png,61.41676722309678,44.24043690055824,50.00770261698858,30.518477896723883,3.0736410331119854
097_HC.png,59.10394804640967,40.42360738590821,21.1245712815173,13.05092916698863,1.8794063633904778
098_HC.png,53.06007303024904,40.22451755772916,34.95166969461682,26.81616322211933,2.8858733957173492
099_HC.png,99.61265803083843,76.03261913640863,48.04445027576282,45.3713148959034,2.6013601067179954
100_HC.png,42.72447761795785,27.851798048245396,30.4505838598346,19.896763747924265,3.11062594906657
101_HC.png,52.34238539637223,36.905797365658465,33.96934170149182,22.56943452804633,2.7323669262724186
102_HC.png,45.620164984970486,34.72865698506862,29.691609807243935,24.667643016726355,2.665041215229807
103_HC.png,35.8918486819626,31.448502930372236,21.435432847722126,16.494111275957714,1.1817734726649178
104_HC.png,52.06621375090807,32.56672182331144,31.206439258421305,24.422635707842023,2.6826750034926303
105_HC.png,111.32617315465423,76.91345963582212,47.67330565421364,39.06352869749951,1.5498156774111433
106_HC.png,63.837698255375706,44.09983501397248,31.160004348388274,29.663094202290207,3.066288178500331
107_HC.png,38.02780793835434,32.40770198476096,36.66712568578262,14.886652920623302,3.1277263727420777
108_HC.png,39.468067185478866,28.751793259948965,34.9176747343475,19.674872801990148,3.0813061433614513
109_HC.png,34.65199499917944,31.431242838416996,25.692942566955427,24.31654739555162,2.15798406553129
110_HC.png,83.07073031202927,62.08987093066274,41.60396271171406,35.4339985046869,2.877592828939966
111_HC.png,32.421732133434006,20.203233628504947,19.982113731642734,17.570533662890785,0.09261355743637757
112_HC.png,49.81525571259241,34.22549894317344,33.28622469377185,24.489366714400354,2.985207839638705
113_HC.png,33.90568677028104,32.38246361729777,24.505809322224536,19.068824648529446,0.4948370352996066
114_HC.png,48.13927691235561,36.22770608176435,35.68106609510747,22.87685874251307,2.996874216267961
115_HC.png,55.46036202573929,35.97249731175319,40.60891819238462,28.17893156354108,2.9447906416712266
116_HC.png,69.2653860154011,43.47574537352584,37.973844561766576,26.856823158936862,0.08116476106818143
117_HC.png,23.686796844441776,17.322477030332553,14.929745374524796,13.479118415081173,0.9044220230480327
118_HC.png,21.636093304020193,22.6314335912499,15.058317493759363,11.474182353080428,2.0147925183309408
119_HC.png,25.684980592962898,16.83262475674007,21.607835519749177,10.675974899108658,1.8159215298510054
120_HC.png,34.80846973036727,24.031296394561082,27.55859727413295,17.90601123298584,3.005831891752497
121_HC.png,62.58824590162732,45.81415655804392,33.07023054245407,31.76393932032171,2.2996787497514464
122_HC.png,55.608407898982286,38.5007518780076,42.08815743602345,27.72987556465768,0.017505357319254344
123_HC.png,19.57060915091104,16.840994939193056,13.328865939190607,8.831597184387192,0.4844883907777222
124_HC.png,45.686532657421075,33.01864244553217,37.318732008609615,23.107684313815984,3.0022965454054167
125_HC.png,38.776772990214575,27.112432889717212,25.95512341310727,18.165675756040333,2.8669858577923435
126_HC.png,29.224665151845052,36.2450094947723,17.487931472607467,6.14471469351538,0.07914062548166671
127_HC.png,27.612054695673326,17.399914817425252,15.249035982283,9.906910576812585,3.029028557479305
128_HC.png,44.46958930828649,27.754103867583478,33.15415239182584,27.094935777425896,2.5849898552343604
129_HC.png,49.42288319110074,34.761528034919905,30.665950940777275,24.231842897907892,2.805560313565775
130_HC.png,42.95801887239482,28.703516355859364,34.212470300326274,22.465789352931314,3.073176178343712
131_HC.png,46.5665609987396,30.61835843736853,34.0266012106613,18.9327356384843,0.003062635253591124
132_HC.png,39.822567083793075,25.57970808465838,20.927520414647883,18.50753992037127,2.470678858606835
133_HC.png,54.86975681727147,42.802315988444185,38.393447146893216,26.826159441248535,3.020223081651067
134_HC.png,72.96711822014456,55.43523102061915,50.093838598321895,37.306578807439834,2.9664879477043202
135_HC.png,53.3759363492729,36.67317104700966,35.54176176803292,30.3075193343244,2.986487488542488
136_HC.png,39.662356858036745,30.59878388030396,21.692850502959285,20.521460076563102,2.651212884427625
137_HC.png,45.503016403810705,23.50278093890982,36.84908944849945,19.692969112561073,1.629980342427405
138_HC.png,50.451905551911494,41.05513300931745,35.49183379484677,26.327153151014013,2.315790474872262
139_HC.png,41.15683137626466,34.81492074210063,24.621739564653378,18.332999490062956,2.8523876071190197
140_HC.png,46.36677815471199,35.098767932376504,33.69131797388481,21.813625161066312,2.967621655380367
141_HC.png,45.08422796406593,29.84787143385141,35.17623733722496,20.57045100927791,0.03468527635330101
142_HC.png,47.91598328699708,38.6885855323212,31.46104275051921,24.534132669713994,2.804202767200107
143_HC.png,45.37190007713107,35.37527084538432,31.001727667639532,25.744355063483432,2.2285432536114214
144_HC.png,26.075302066575336,22.644098777399723,9.524223345550409,7.836673766094097,2.8878137748875807
145_HC.png,40.081165133501756,27.513258310668707,29.690865056286476,20.380720902800523,3.063021278791131
146_HC.png,49.11700965608732,33.864898384282576,31.796810081619153,21.912454934307295,3.132330046160443
147_HC.png,39.967298937363815,26.016483140619485,27.31208091041471,11.623321332905055,2.800767289393905
148_HC.png,36.833386779404805,27.27279736568052,24.765573544039448,18.729469198549687,2.822682175688058
149_HC.png,52.69920287180971,32.58552343820924,28.15882143097597,23.808660926292518,0.11411405586491428
150_HC.png,53.090255501463396,40.454606097739486,35.15297093891082,27.86693754699151,2.8616326376851755
151_HC.png,102.27138887750539,78.24498207800411,54.68663283858207,47.60103177878168,2.7197502006081686
152_HC.png,97.95324915462284,77.79054309764575,49.438097426528074,45.72600099909253,2.854746368896503
153_HC.png,20.007335319036756,21.227575155026454,6.696849937058797,6.4480336277134445,1.4287571626877384
154_HC.png,49.710120445624746,38.05884351466936,36.48800892288264,24.536609730458636,3.012575148790632
155_HC.png,47.95601162189944,31.501897540945222,32.97502088502103,23.417310916965263,2.898032323990215
156_HC.png,97.72282482486453,80.3667141565324,52.70186183366914,37.02704361722169,1.8204281476923942
157_HC.png,44.08844035691748,27.4821893668442,22.150192692418603,16.144842279304832,2.910414558320484
158_HC.png,44.356333303732356,31.380481619474953,30.51427951972082,20.6594899744835,3.0316991754204365
159_HC.png,48.59056675416173,34.11538943928376,20.826996163363855,19.830782002962433,0.5840240365194337
160_HC.png,42.98080019231032,31.66699019372434,29.504856042562302,23.13005520652902,3.068019100050828
161_HC.png,49.14664892591909,35.29736155025083,43.30990018177401,25.867542431589868,3.098951316637935
162_HC.png,100.66056904795626,59.653793162120884,52.41534047519869,38.83276748002833,1.6560885131771317
163_HC.png,26.433834478951237,16.610527917221415,15.38515003294102,10.302898525004965,1.8399028127692214
164_HC.png,35.44974490163567,28.4280642596854,27.02239818148179,16.62615388303818,2.7133034865574137
165_HC.png,50.67163742189768,30.601505603242344,24.008212015275017,20.672942043774206,0.042062898363093015
166_HC.png,41.87993649225082,31.152231580123495,35.514529642029686,18.587778950566655,3.0662005605004676
167_HC.png,38.6986383457283,28.115922269507944,29.996465527260888,18.1722499115705,0.06537447949093811
168_HC.png,38.54665025892497,28.694179464357685,25.944187751691043,22.003507009781178,0.18224583919046594
169_HC.png,44.91334027489558,32.22067200431289,29.616345842568737,21.800504892728824,2.326112421204219
170_HC.png,20.300361231853156,27.82116440770849,12.24530623193697,9.060349273405581,1.9316014911473727
171_HC.png,47.64505392654385,27.855369369701066,38.51683182858704,16.90248829956029,1.9055772807122
172_HC.png,23.923267545551866,24.40714721008976,19.31818334185455,14.2044171939655,0.9366633164689679
173_HC.png,82.57753153559754,65.70818438364024,46.04724166651405,39.57563485676954,1.6532984025268398
174_HC.png,88.46118911193264,52.96830374378248,43.97805143950297,38.39390504355846,0.4386191694266334
175_HC.png,26.154988782230774,13.420345844952694,16.38721685639476,11.013579887305998,1.8559546666997808
176_HC.png,57.28075317904127,43.620495819451946,29.979987623585526,25.964006458750813,2.395600552472948
177_HC.png,25.831635529535458,15.221265721646484,15.1271274375117,11.562316690802252,1.919554349061263
178_HC.png,41.48135000838383,18.302359949444835,25.315725250146,12.289671763203987,0.044985318185291466
179_HC.png,29.933061180449364,15.361819257107454,16.29622380138235,15.345336737806527,0.21726707331528045
180_HC.png,50.64697762025805,37.91219801564929,37.097576522966015,23.401367111471135,3.017510119448603
181_HC.png,46.284966130064646,33.96195640832164,40.413677447326066,24.407493952953807,3.0840723687857166
182_HC.png,43.96667351231711,34.112014129732735,15.348547246044507,10.990595339575094,1.334870880566412
183_HC.png,72.33384635051677,52.58330900235339,51.71947415736004,34.258739859935424,3.0306613415436328
184_HC.png,39.83313730115247,25.42951504791884,31.731358653106543,16.48113831015977,3.088238351678928
185_HC.png,60.136946887788866,24.73131513076691,38.812645479227264,13.04876894784089,1.298405813656611
186_HC.png,71.7862118778517,57.32470506693876,44.327623993148414,38.04080855870217,2.796089979571399
187_HC.png,24.585223308995744,20.122358410884015,15.989284349527079,11.709448628977881,1.566439661567636
188_HC.png,38.812022926974315,27.66748939437439,29.417629110982407,20.240899518119225,2.915729162591846
189_HC.png,53.94711595299903,29.22641433397512,25.090651018095958,20.10184011461421,2.7347110406639064
190_HC.png,42.90529201823017,30.040141957723964,35.87429176457298,22.47102879242041,3.1065304067841915
191_HC.png,59.43148357436503,48.901458629461395,39.219446375598615,34.45717118393272,0.25043048626365566
192_HC.png,86.86790133424822,83.31074409679907,51.81196576970908,49.79094063631236,1.764089690556311
193_HC.png,104.18760196493997,70.73310586075407,48.97006417687872,39.31057144201437,1.3610255193159713
194_HC.png,48.705855103852436,26.44573230248386,28.710495492816513,21.236712887222573,0.2496853337906515
195_HC.png,40.06589312309019,27.011733628799803,31.293712947774743,21.215158517386303,3.0124875307907684
196_HC.png,95.41776495382373,72.31402032223336,50.90210624143994,44.55900560803899,2.7707229707142305
197_HC.png,48.269402805708566,34.852027026057456,30.485053420316827,24.609233473133404,3.047949518075991
198_HC.png,56.946396139119756,40.22412946319199,39.77605153965116,22.05234684374822,3.0912707600541465
199_HC.png,47.151260141247946,32.285194649915205,36.70954975233545,22.750325392032916,3.040200917726351
200_HC.png,71.40057752105629,54.754797306701334,41.380793346452236,33.13699553781765,2.9713996157027536
201_HC.png,51.99899934784624,36.80375303788094,34.43768098451698,24.97855607347561,2.7695310729683658
202_HC.png,58.15421174002718,40.12052685109328,41.18224119205755,18.647048122330233,3.1020146176817986
203_HC.png,92.40433044567789,67.39560825016468,42.629908150110936,31.45389003211106,1.2669714580459697
204_HC.png,32.570293971013164,31.821057944349402,25.593992436545683,18.950321727751927,1.4460994013902255
205_HC.png,74.79547411723505,42.752155599534376,38.32034189951652,29.120194348971925,1.65631069571345
206_HC.png,63.51510944406688,45.34595462463896,44.71710286935019,31.884634842210517,3.0098936118890314
207_HC.png,42.873568584383655,31.86892190949299,31.691045239506018,20.70641248767165,2.9822298929077786
208_HC.png,105.29981689858622,43.49369406619735,28.932705799984582,20.492311103393796,2.1612510983985445
209_HC.png,39.020405770825754,24.125666042308552,22.642887721429247,14.440290411490517,2.0699662918985484
210_HC.png,64.91739096637923,46.611600908894815,56.18812628390126,30.416847760055102,3.123163046214227
211_HC.png,98.80538683978544,78.01617413228811,53.21439607838584,45.8543642826563,2.1730216712054498
212_HC.png,37.79653168982605,24.31319064628196,11.968684062542534,8.558211639896909,3.042154879018142
213_HC.png,26.263351276927377,15.881122803914248,20.130905942707447,10.614759117457641,2.5252478282908855
214_HC.png,52.135933003669166,36.1586718474517,38.13405515907239,25.719670533766042,2.962342737467612
215_HC.png,50.41454016658741,38.24380539655849,32.35114842261072,26.048317096769292,2.7870920903544025
216_HC.png,38.64365717989991,28.52284473173887,26.223930344229778,20.56141911877774,2.880586488321324
217_HC.png,34.188251920489485,16.947247751298445,19.455534825779488,13.493606453282059,1.3182607448475878
218_HC.png,49.105094423505356,35.6392584212868,42.7937831910218,26.000633407108573,3.123067172414984
219_HC.png,30.17380407777606,20.177545598483928,25.59410008322251,17.120772621566488,2.63899676477035
220_HC.png,41.55884537627084,28.731504299545453,30.163956838911126,19.417604286175703,1.8035351010420195
221_HC.png,42.93169809056706,23.944085406891368,23.77646952915404,22.822212694749574,0.39926350746966044
222_HC.png,53.117339008115096,36.25539548359664,37.85217816191744,26.790716865259178,2.913243368030366
223_HC.png,47.28682961286617,35.91502159141119,36.32775115543599,21.34760427298889,3.059005897657564
224_HC.png,35.80317583628693,23.62676396623919,19.473698044704125,15.600148406615858,2.8228261195449766
225_HC.png,34.998371972744884,25.364721618777686,28.136784984426765,20.092659959452675,3.0392007675789716
226_HC.png,39.484819235955825,27.784908712430074,27.87470132408956,19.986976053148485,0.18464241785542826
227_HC.png,51.63391388805412,38.75104854525564,32.38461173418687,25.928313927475337,2.6937488267793435
228_HC.png,54.89549336572354,38.27981593229263,38.51591318688743,24.030503769952624,1.8419411629780544
229_HC.png,41.75090079395219,28.62429252341547,32.04884123030672,22.454410188618127,0.036975994364932666
230_HC.png,45.82711860008774,21.31664293866657,29.31031942885851,19.724719345682804,1.368991566768616
231_HC.png,93.1438922587467,75.81416557642778,52.249585582950914,38.06194926436412,1.8601189851173106
232_HC.png,55.898029207413366,38.841252874247246,32.0740066056953,23.59662640472823,2.887798195395204
233_HC.png,47.19165111659587,33.55848522906693,34.15724210604692,22.634606580904396,2.8515195497617083
234_HC.png,21.673760437892515,23.356780293558828,16.60365862420258,12.081252881694,0.6095353887076843
235_HC.png,43.02938784852634,27.846573915519503,15.885675724383951,12.112919460268596,1.599305522440249
236_HC.png,46.62611482796578,37.118306888126206,31.192557802553363,24.218265060852218,2.927602866311964
237_HC.png,44.65747918141704,34.01990815111066,41.402767001837134,22.625659352250054,3.0280610310552794
238_HC.png,50.23964262187249,36.78115280679306,34.26955941234264,24.57690393627657,2.9185860686512286
239_HC.png,68.39203396280251,49.75220315368099,48.09681995965174,33.18761485933797,2.865392887986313
240_HC.png,38.78306666341146,27.60798298738501,28.64486810584406,19.696283939255736,2.9455108935880387
241_HC.png,105.2231361378556,72.64784442385304,51.86059347348657,43.60388341095456,0.20835440525316676
242_HC.png,53.215075279773814,38.54661018370836,28.10876634909613,19.230360227223446,1.5667861388254554
243_HC.png,62.43105099132201,42.291343176421464,41.9423653441563,32.00703553809178,0.01013732268938662
244_HC.png,107.25624249944191,84.8157355742574,56.086874829842024,48.18462881793887,2.448399452138477
245_HC.png,57.374776285125435,51.037976210045414,62.22442986143096,22.478964531480816,3.096767790860179
246_HC.png,52.267832606086216,36.19359822055852,33.15045640238861,28.011340065247097,2.9504754253341097
247_HC.png,126.67055260251257,91.95241032435986,67.24894171293198,51.22505095507075,3.1067296112337295
248_HC.png,50.5048751394184,36.622647945292016,33.91895173816251,25.33008042027434,3.134756052755451
249_HC.png,96.08483685727013,70.52220528710446,41.950329522932535,36.331483486147604,2.7902695078509763
250_HC.png,47.26095952927547,35.03788454552694,35.009139539630965,23.67917262881734,2.976518877108158
251_HC.png,68.24140526304838,34.12580760704495,31.999428175767818,21.3832568931775,1.0148574544992206
252_HC.png,48.97208681766919,29.966501911690642,22.513700362845977,19.273529167990233,0.992758277457634
253_HC.png,44.80570007587473,33.20569994947993,33.444265232918326,19.719182679378708,3.028469693124552
254_HC.png,101.67333994674377,86.53477799319964,61.03817220802762,36.342800475228536,1.630358195051817
255_HC.png,56.714272077715925,40.33693407624286,32.542182412311085,21.74913826724193,3.043590589161804
256_HC.png,26.948445903648192,19.355821923618493,23.50366249730155,13.701717526805282,3.0520896683066283
257_HC.png,30.101079712646328,27.248197267654373,8.592991575704232,5.424060981856697,0.043112183832584236
258_HC.png,51.35680451106981,24.918899622849825,28.616738820207203,20.054085690858397,1.4830028246154534
259_HC.png,25.74370664923291,22.757981654702927,7.511803566053815,5.254581424560931,0.3056480688311951
260_HC.png,40.49572790940134,33.55450260388199,27.09555319778401,19.35877432962008,2.9069180941253188
261_HC.png,50.935478229966584,37.78885735321159,36.789224112538356,23.794264902702803,2.9955379751910134
262_HC.png,24.19432969499148,20.135641308123105,14.862717540942157,9.587379491261043,1.554309229118434
263_HC.png,102.33182819890517,73.09048516562014,47.24538062261635,45.21216493260328,1.7039798977110527
264_HC.png,129.7536233368578,94.22598107512005,55.624142068564616,50.10825632019647,2.2128724813880956
265_HC.png,140.44534106325656,99.21794367548355,58.89871711560197,47.5678027010179,1.38034036143788
266_HC.png,25.03845359672459,32.60698709936055,21.019509462550154,9.398871309195718,1.9116836760651563
267_HC.png,59.145446467543984,45.61283243396282,34.609491562524376,29.771957954660174,1.8978353715547989
268_HC.png,79.93999467642742,53.33809830924935,41.0706026220606,37.51077415860276,0.6416051745544185
269_HC.png,49.418872703936366,29.65134649776951,25.44995797739378,23.235924114242128,0.5084007810474892
270_HC.png,53.20177036287496,36.745970167227725,42.787975231489675,27.22262833884322,2.9712054712592866
271_HC.png,55.16878525380159,32.29495854182641,38.03822466308756,26.596239135982284,0.25060052909925723
272_HC.png,43.98634262735037,33.71357512332122,30.524328318725036,22.79040180648352,3.03612361809744
273_HC.png,37.14331878061163,26.657853195732066,26.63096742147628,24.765550107866044,1.7531374405733602
274_HC.png,61.476595441355,37.29769059177453,47.02139235573539,32.54838136057523,0.09381557519438484
275_HC.png,47.85258520178888,32.218130316316234,27.85347593513355,20.56953859909004,0.32573789083031685
276_HC.png,41.92110881775066,40.1544513391599,31.961568565115222,23.46965018324332,1.464401443349577
277_HC.png,43.11579243972637,30.47578872737901,34.01141199858662,22.655628041370605,3.1243201897078663
278_HC.png,25.7609869360842,28.226702687605847,13.787731155706341,8.904699572645503,1.8272896990171994
279_HC.png,36.53120228607358,27.32854792604764,34.272131151992276,17.78035350639387,3.1239978140579123
280_HC.png,103.25486350037347,73.51899498743668,47.599658911619834,46.287767048739255,1.2658619851358428
281_HC.png,66.13721009664359,48.46952439171144,45.865383197550166,34.302564774250165,2.867525547387248
282_HC.png,53.83499421940708,40.02659800248558,38.56375795988061,26.044859118156324,2.987935449227164
283_HC.png,93.52782888706987,73.35701941137116,50.699347614554114,43.12443296801661,2.4848844261774263
284_HC.png,50.27554059798678,32.862336900121974,38.49450576348054,24.406892152165305,0.05960447467317244
285_HC.png,49.55676698839568,29.79498887273068,26.29156453361032,23.75536575590404,3.1235418808792907
286_HC.png,74.89082859187937,40.01951529298032,43.47110771899138,28.152730563248422,1.740214168422885
287_HC.png,26.26166687769669,18.739705409102722,10.657329705102697,9.872565622393052,1.0513856383268563
288_HC.png,30.47990984725606,24.521084016056495,14.073799935712804,10.46391824092778,1.7345277868633475
289_HC.png,77.52095100023307,59.52495020638315,52.77065640000364,36.968711919760715,2.8598003828552008
290_HC.png,87.92751111669966,66.15869447232441,43.346802414458644,33.521120818087965,1.4810749623023451
291_HC.png,146.0638365851071,106.64617488786469,62.67954787561498,48.3437811410988,1.811567977193269
292_HC.png,99.32950128988165,76.70622062731574,53.68198833319632,49.16234136680057,2.9066194206090663
293_HC.png,95.38493566846205,71.59980362587515,55.00483425518393,47.01356791303988,3.056296797038681
294_HC.png,43.71784557883572,31.35368827760087,29.596008894074625,21.04914708296956,2.9777668343949695
295_HC.png,47.69971260094134,35.12805545919108,34.82792961922445,23.612571480824425,2.988044771989912
296_HC.png,42.013595975462536,31.042908687144635,32.5942108937624,18.417725353150566,3.053878913084998
297_HC.png,59.71170374570848,42.86920234219532,52.08038843040624,31.902533760289256,3.0794897343399628
298_HC.png,39.094143593525494,27.17042289582307,25.85261541445411,20.29239995897752,3.0280563705233714
299_HC.png,81.79754360417215,64.94950600980634,52.67863099593258,40.08317688426224,2.967453343599474
300_HC.png,53.45819977102265,34.19812337707469,33.20032047430177,23.82987376619682,3.0867525741067725
301_HC.png,55.33047528720363,44.45590936092052,30.37131611282973,25.60777903901882,2.6050365340238226
302_HC.png,80.58633095036159,49.11631171406789,42.84095328659642,36.69156808999007,0.3777478290229103
303_HC.png,46.32956804405802,34.24277725959843,39.2517344130776,21.287298254464353,3.0726177134631225
304_HC.png,94.79868500920212,43.70349812270559,41.17241801499446,22.486360366007354,0.10033486038484431
305_HC.png,18.175731252361462,14.974213560979392,8.048588943355941,5.772152488611347,1.0983313093905551
306_HC.png,46.01073988265965,36.20168536564821,30.623418391994417,23.804758544628328,2.9549510007040425
307_HC.png,52.22704126406253,39.05536440524856,32.924420830007584,25.04609958375033,2.514901314297873
308_HC.png,82.55527446890842,57.706448241239784,43.77128153676104,29.96125410496303,1.418624367372205
309_HC.png,43.4852551020353,27.364366589914155,28.89132159040755,19.155146311098015,0.0335825945039537
310_HC.png,24.79505996790814,20.133884467947652,10.86574687026867,8.000608150722192,2.0894090989108354
311_HC.png,35.93207287132568,28.293790678855945,25.623036136235186,19.085695983497814,1.6238223483283285
312_HC.png,105.69187775034163,95.29162648369694,62.722715572675185,56.41893530039325,2.5749832937544967
313_HC.png,34.5601617282063,30.668657734397286,8.123724696136168,7.201168929374476,0.3088920653550206
314_HC.png,60.101668257492335,36.11408097105084,28.56190906133536,15.87039196153726,0.9869067799105119
315_HC.png,83.92356512488973,52.99096993622691,35.172072608856574,28.668518177885428,1.0902233154518088
316_HC.png,68.09643194239688,26.178555778990038,49.240895442733205,17.329748673608876,2.6125726806975016
317_HC.png,26.997292749258875,16.03497241485118,14.348878434220788,12.593488603871977,1.0677808569457112
318_HC.png,85.13467655244834,60.620232761087294,57.70850067601769,36.40460065419132,3.032235669222033
319_HC.png,60.63044678393765,42.659280738383536,42.53855508826052,28.65556125481465,2.9699997250757533
320_HC.png,29.204475843617807,17.514206939211164,11.012702241397456,9.20259905525615,0.012667592041070904
321_HC.png,44.40162232580552,31.87601558983145,31.814002472242166,21.465886865496483,2.7236723711035826
322_HC.png,41.849537789816964,28.63321699142859,35.44350431327689,21.501022711873176,3.0877616458438037
323_HC.png,57.5941753788596,39.87285743203514,40.589872662118196,29.261895163580487,3.0323668299057194
324_HC.png,31.989217503451123,23.03833370887679,25.208211499108547,16.010007597689228,2.947812131085976
325_HC.png,47.91067167019143,30.933339872278367,30.0428960870434,25.242226486460392,0.10597969663137626
326_HC.png,99.44623714561038,84.66393937058326,64.01056907324615,39.20230564350139,1.3853633495698783
327_HC.png,57.758721856426035,43.7368231245326,32.98674315039764,27.861957305251718,2.314134587885478
328_HC.png,50.06271095583706,27.98647649076638,30.944128774436592,26.000197960984732,0.7619056204735323
329_HC.png,41.72214575908535,28.638631165148563,33.36542071776741,20.14873776117461,0.020348015466804925
330_HC.png,53.38947326898445,36.09343842238006,35.47764333138471,23.779582012138913,1.8976771464965345
331_HC.png,28.291566248304456,24.23253646379681,16.967540855145465,11.549069783841242,0.23191525825904327
332_HC.png,43.16871833730147,28.55182198361313,25.641773023207634,21.97766010472447,0.7949748906773733
333_HC.png,84.62705216700353,67.18214340658552,44.574031027618126,41.23091132260272,2.4046231425090543
334_HC.png,41.77892280371425,31.76618334459348,31.99182380968679,19.126428484467823,2.9301449867304994
